"DESCRIPTION","DURATION IN MS","NAME","PARENT SUITE","START TIME","STATUS","STOP TIME","SUB SUITE","SUITE","TEST CLASS","TEST METHOD"
"Verify that Why why-multibank page renders with all expected components","8549","Verify Why why-multibank page renders correctly","tests","2025-12-11","passed","2025-12-11","TestContentValidation","test_content_validation","",""
"Verify that clicking About link navigates to Awards page","11701","Test About-Awards link navigation","tests","2025-12-11","passed","2025-12-11","TestNavigation","test_navigation","",""
"Verify that all expected navigation items are present in the menu","6499","Verify all navigation items exist","tests","2025-12-11","passed","2025-12-11","TestNavigation","test_navigation","",""
"Verify that the home page has the correct title","5728","Verify page title is correct","tests","2025-12-11","passed","2025-12-11","TestNavigation","test_navigation","",""
"Verify that Google Play download link is present and functional","7392","Verify Google Play link exists","tests","2025-12-11","passed","2025-12-11","TestContentValidation","test_content_validation","",""
"Verify that Google Play link can be clicked without errors","13048","Verify Google Play link is clickable","tests","2025-12-11","passed","2025-12-11","TestContentValidation","test_content_validation","",""
"Verify that App Store download link is present and functional","8048","Verify App Store link exists","tests","2025-12-11","passed","2025-12-11","TestContentValidation","test_content_validation","",""
"Verify that marketing banners are visible at the bottom of the home page","7753","Verify marketing banners appear at bottom","tests","2025-12-11","passed","2025-12-11","TestContentValidation","test_content_validation","",""
"Verify that clicking Markets link navigates to correct page","6907","Test Markets link navigation","tests","2025-12-11","passed","2025-12-11","TestNavigation","test_navigation","",""
"Verify that App Store link can be clicked without errors","8122","Verify App Store link is clickable","tests","2025-12-11","passed","2025-12-11","TestContentValidation","test_content_validation","",""
"Verify that the download section appears and is accessible","7528","Verify download section is visible","tests","2025-12-11","passed","2025-12-11","TestContentValidation","test_content_validation","",""
"Verify that the top navigation menu is visible and displays all expected options","5821","Verify navigation menu displays correctly","tests","2025-12-11","passed","2025-12-11","TestNavigation","test_navigation","",""
